"Module","Workbook","Step","IssueType","Page","Element","Current","Proposed","Flag"
"APE","LSTP_APE_WF001.xlsx","38","ValuesDatasetConflict","pageCreateReferral","cmb_ServiceType","Values=""Advice/Consultation"" Dataset=""SERVICE_TYPE""","clear ONE (ambiguous)","NEEDS_REVIEW"
"APE","LSTP_APE_WF001.xlsx","39","ValuesDatasetConflict","pageCreateReferral","cmb_RefPriority","Values=""Urgent"" Dataset=""REFERRAL_PRIORITY""","clear ONE (ambiguous)","NEEDS_REVIEW"
"APE","LSTP_APE_WF001.xlsx","40","ValuesDatasetConflict","pageCreateReferral","cmb_RefType","Values=""Inpatient"" Dataset=""REFERRAL_TYPE""","clear ONE (ambiguous)","NEEDS_REVIEW"
"APE","LSTP_APE_WF001.xlsx","41","ValuesDatasetConflict","pageCreateReferral","cmb_RefSource","Values=""Self-referral"" Dataset=""REFERRAL_SOURCE""","clear ONE (ambiguous)","NEEDS_REVIEW"
"APE","LSTP_APE_WF001.xlsx","70","ValuesDatasetConflict","pageAppAPCreapeSourceSelection","cmb_AccessPlanType","Values=""Elective Admission"" Dataset=""APE_PLAN_TYPE""","clear ONE (ambiguous)","NEEDS_REVIEW"
"APE","LSTP_APE_WF001.xlsx","80","ValuesDatasetConflict","pageAccess Plan Details","cmb_Priority","Values=""Routine"" Dataset=""APE_PRIORITY""","clear ONE (ambiguous)","NEEDS_REVIEW"
"APE","LSTP_APE_WF001.xlsx","81","ValuesDatasetConflict","pageAccess Plan Details","cmb_AdministrativeCategory","Values=""NHS Patient"" Dataset=""APE_ADMIN_CATEGORY""","clear ONE (ambiguous)","NEEDS_REVIEW"
"APE","LSTP_APE_WF001.xlsx","82","ValuesDatasetConflict","pageAccess Plan Details","cmb_ElectiveAdmissionType","Values=""Elective Admission: Booked"" Dataset=""APE_ELECTIVE_ADMISSION_TYPE""","clear ONE (ambiguous)","NEEDS_REVIEW"
"APE","LSTP_APE_WF001.xlsx","83","ValuesDatasetConflict","pageAccess Plan Details","cmb_Intendedmanagement","Values=""Ordinary Admission (at least one night)"" Dataset=""APE_INTENDED_MANAGEMENT""","clear ONE (ambiguous)","NEEDS_REVIEW"
"APE","LSTP_APE_WF001.xlsx","134","ElementMissing","pageCopyaccessplanentry","lbl_copyAccessPlanEntry","pageCopyaccessplanentry / lbl_copyAccessPlanEntry","(exists nowhere)","NEEDS_LOCATOR"
"APE","LSTP_APE_WF001.xlsx","144","ValuesDatasetConflict","pageCopyaccessplanentry","","Values=""_current | | DD/MM/YYYY|_dtmCurrentday"" Dataset=""COPY_OVERRIDE_REASON""","clear ONE (ambiguous)","NEEDS_REVIEW"
"C&G","LSTP_C&G_WF001.xlsx","165","ElementMissing","pageUpdatecodelORENZO","btn-Finish","pageUpdatecodelORENZO / btn-Finish","(exists nowhere)","NEEDS_LOCATOR"
"CPPView","LSTP_CPPView_WF001.xlsx","112","ValuesDatasetConflict","pageHIALRRecordallergy","cmb_AllergyType","Values=""Drug Allergy"" Dataset=""ALLERGY_TYPE""","clear ONE (ambiguous)","NEEDS_REVIEW"
"CPPView","LSTP_CPPView_WF001.xlsx","114","ValuesDatasetConflict","pageHIALRRecordallergy","txt_Allergen","Values=""Amoxicillin"" Dataset=""ALLERGEN""","clear ONE (ambiguous)","NEEDS_REVIEW"
"CPPView","LSTP_CPPView_WF001.xlsx","116","ValuesDatasetConflict","pageHIALRRecordallergy","cmb_InformationSource","Values=""Patient"" Dataset=""ALLERGY_INFO_SOURCE""","clear ONE (ambiguous)","NEEDS_REVIEW"
"CPPView","LSTP_CPPView_WF001.xlsx","123","ElementMissing","pageHome","lnk_RecordAlert","pageHome / lnk_RecordAlert","(exists nowhere)","NEEDS_LOCATOR"
"CPPView","LSTP_CPPView_WF001.xlsx","128","ValuesDatasetConflict","pageRecordalert","btn_Add","Values=""Care Provider"" Dataset=""ALERT_INFO_SOURCE""","clear ONE (ambiguous)","NEEDS_REVIEW"
"CarePlan","LSTP_CarePlan_WF001.xlsx","19","ValuesDatasetConflict","pageRegRegistration","txt_City","Values=""London"" Dataset=""CITY""","clear ONE (ambiguous)","NEEDS_REVIEW"
"CarePlan","LSTP_CarePlan_WF001.xlsx","21","ElementMissing","pageRegRegistration","txt_ TelephoneHome","pageRegRegistration / txt_ TelephoneHome","(exists nowhere)","NEEDS_LOCATOR"
"CarePlan","LSTP_CarePlan_WF001.xlsx","22","ElementMissing","pageRegRegistration","txt_ TelephoneMobile","pageRegRegistration / txt_ TelephoneMobile","(exists nowhere)","NEEDS_LOCATOR"
"CarePlan","LSTP_CarePlan_WF001.xlsx","23","ElementMissing","pageRegRegistration","txt_ TelephoneEmail","pageRegRegistration / txt_ TelephoneEmail","(exists nowhere)","NEEDS_LOCATOR"
"CarePlan","LSTP_CarePlan_WF001.xlsx","57","ElementWrongPage","pageLORENZO","tbl_SelectRow","page=pageLORENZO","pageHIALRStrikeallergy | pageHome | pageRegRegistration","NEEDS_REVIEW"
"CarePlan","LSTP_CarePlan_WF001.xlsx","59","ElementWrongPage","pageLORENZO","tbl_SelectRow","page=pageLORENZO","pageHIALRStrikeallergy | pageHome | pageRegRegistration","NEEDS_REVIEW"
"CarePlan","LSTP_CarePlan_WF001.xlsx","60","ElementMissing","pageLORENZO","lnk_Inpatient","pageLORENZO / lnk_Inpatient","(exists nowhere)","NEEDS_LOCATOR"
"CarePlan","LSTP_CarePlan_WF001.xlsx","64","ElementMissing","pageAdmitIPAdmitRoad","cmb_intended management","pageAdmitIPAdmitRoad / cmb_intended management","(exists nowhere)","NEEDS_LOCATOR"
"CarePlan","LSTP_CarePlan_WF001.xlsx","89","ElementWrongPage","pageLORENZO","tbl_SelectRow","page=pageLORENZO","pageHIALRStrikeallergy | pageHome | pageRegRegistration","NEEDS_REVIEW"
"CarePlan","LSTP_CarePlan_WF001.xlsx","92","ElementWrongPage","pageLORENZO","tbl_SelectRow","page=pageLORENZO","pageHIALRStrikeallergy | pageHome | pageRegRegistration","NEEDS_REVIEW"
"CarePlan","LSTP_CarePlan_WF001.xlsx","103","ElementWrongPage","pageLORENZO","tbl_SelectRow","page=pageLORENZO","pageHIALRStrikeallergy | pageHome | pageRegRegistration","NEEDS_REVIEW"
"CarePlan","LSTP_CarePlan_WF001.xlsx","106","ElementWrongPage","pageLORENZO","tbl_SelectRow","page=pageLORENZO","pageHIALRStrikeallergy | pageHome | pageRegRegistration","NEEDS_REVIEW"
"CarePlan","LSTP_CarePlan_WF001.xlsx","116","ElementWrongPage","pageLORENZO","tbl_SelectRow","page=pageLORENZO","pageHIALRStrikeallergy | pageHome | pageRegRegistration","NEEDS_REVIEW"
"CarePlan","LSTP_CarePlan_WF001.xlsx","119","ElementWrongPage","pageLORENZO","tbl_SelectRow","page=pageLORENZO","pageHIALRStrikeallergy | pageHome | pageRegRegistration","NEEDS_REVIEW"
"CarePlan","LSTP_CarePlan_WF001.xlsx","127","ElementWrongPage","pageLORENZO","tbl_SelectRow","page=pageLORENZO","pageHIALRStrikeallergy | pageHome | pageRegRegistration","NEEDS_REVIEW"
"CarePlan","LSTP_CarePlan_WF001.xlsx","130","ElementWrongPage","pageLORENZO","tbl_SelectRow","page=pageLORENZO","pageHIALRStrikeallergy | pageHome | pageRegRegistration","NEEDS_REVIEW"
"CarePlan","LSTP_CarePlan_WF001.xlsx","138","ElementWrongPage","pageLORENZO","tbl_SelectRow","page=pageLORENZO","pageHIALRStrikeallergy | pageHome | pageRegRegistration","NEEDS_REVIEW"
"CarePlan","LSTP_CarePlan_WF001.xlsx","141","ElementWrongPage","pageLORENZO","tbl_SelectRow","page=pageLORENZO","pageHIALRStrikeallergy | pageHome | pageRegRegistration","NEEDS_REVIEW"
"CarePlan","LSTP_CarePlan_WF001.xlsx","149","ElementWrongPage","pageLORENZO","tbl_SelectRow","page=pageLORENZO","pageHIALRStrikeallergy | pageHome | pageRegRegistration","NEEDS_REVIEW"
"CaseLoad","LSTP_CaseLoad_WF001.xlsx","37","ValuesDatasetConflict","pageCreateReferral","cmb_ServiceType","Values=""Advice/Consultation"" Dataset=""SERVICE_TYPE""","clear ONE (ambiguous)","NEEDS_REVIEW"
"CaseLoad","LSTP_CaseLoad_WF001.xlsx","38","ValuesDatasetConflict","pageCreateReferral","cmb_RefPriority","Values=""Urgent"" Dataset=""REFERRAL_PRIORITY""","clear ONE (ambiguous)","NEEDS_REVIEW"
"CaseLoad","LSTP_CaseLoad_WF001.xlsx","39","ValuesDatasetConflict","pageCreateReferral","cmb_RefType","Values=""Inpatient"" Dataset=""REFERRAL_TYPE""","clear ONE (ambiguous)","NEEDS_REVIEW"
"CaseLoad","LSTP_CaseLoad_WF001.xlsx","40","ValuesDatasetConflict","pageCreateReferral","cmb_RefSource","Values=""Self-referral"" Dataset=""REFERRAL_SOURCE""","clear ONE (ambiguous)","NEEDS_REVIEW"
"CaseLoad","LSTP_CaseLoad_WF001.xlsx","89","ValuesDatasetConflict","pageAllocatetocaseload","cmb_Reasonforallocation","Values=""Assessment"" Dataset=""ALLOCATION_REASON""","clear ONE (ambiguous)","NEEDS_REVIEW"
"CaseLoad","LSTP_CaseLoad_WF001.xlsx","102","ValuesDatasetConflict","PageModifycaseloadentry","cmb_Reasonforallocation","Values=""Counselling"" Dataset=""MODIFY_REASON""","clear ONE (ambiguous)","NEEDS_REVIEW"
"CaseLoad","LSTP_CaseLoad_WF001.xlsx","112","ValuesDatasetConflict","Pagesuspendcaseloadentry","cmb_Reasonforsuspension","Values=""Patient now available"" Dataset=""SUSPEND_REASON""","clear ONE (ambiguous)","NEEDS_REVIEW"
"CaseLoad","LSTP_CaseLoad_WF001.xlsx","123","ValuesDatasetConflict","PageResumecaseloadentry","cmb_Resumereason","Values=""Patient now available"" Dataset=""RESUME_REASON""","clear ONE (ambiguous)","NEEDS_REVIEW"
"CaseLoad","LSTP_CaseLoad_WF001.xlsx","135","ValuesDatasetConflict","PageClosecaseloadentry","cmb_Reason","Values=""Discharged"" Dataset=""CLOSE_REASON""","clear ONE (ambiguous)","NEEDS_REVIEW"
"CaseLoad","LSTP_CaseLoad_WF001.xlsx","171","ElementMissing","PageMycaseload","lnkSubTaskPaneIn-tray","PageMycaseload / lnkSubTaskPaneIn-tray","(exists nowhere)","NEEDS_LOCATOR"
"CaseLoad","LSTP_CaseLoad_WF001.xlsx","176","UnresolvablePage","PageIn-tray","btn_Update","PageIn-tray","PageInTray","AUTO"
"CaseLoad","LSTP_CaseLoad_WF001.xlsx","176","ElementWrongPage","PageInTray","btn_Update","page=PageIn-tray","PageClosecaseloadentry | pageCreatetocomeinoffer | pageHome | PageManagecaseloadentry | PageResumecaseloadentry | Pagesuspendcaseloadentry | pageSuspendRequestLORENZO | pageTransferAccessPlanEntry | pageUserSearch","NEEDS_REVIEW"
"CaseNote","LSTP_CaseNote_WF001.xlsx","45","ValuesDatasetConflict","pageCBookAppointment","cmb_Specialty","Values=""UROLOGY"" Dataset=""SPECIALTY""","clear ONE (ambiguous)","NEEDS_REVIEW"
"CaseNote","LSTP_CaseNote_WF001.xlsx","46","ValuesDatasetConflict","pageCBookAppointment","cmb_Appointmenttype","Values=""New"" Dataset=""APPOINTMENT_TYPE""","clear ONE (ambiguous)","NEEDS_REVIEW"
"CaseNote","LSTP_CaseNote_WF001.xlsx","47","ValuesDatasetConflict","pageCBookAppointment","cmb_Priority","Values=""Routine"" Dataset=""PRIORITY""","clear ONE (ambiguous)","NEEDS_REVIEW"
"CaseNote","LSTP_CaseNote_WF001.xlsx","69","ElementWrongPage","pageIPPegboardCurrentView","tbl_OPPegboardGrid","page=pageIPPegboardCurrentView","pageBookAppt | pageIPBook | pageOPbrdHistory | pageOPPegboardCurrentView","NEEDS_REVIEW"
"CaseNote","LSTP_CaseNote_WF001.xlsx","95","ValuesDatasetConflict","pageCreateaVolume","cmb_VolumeType","Values=""X rays"" Dataset=""VOLUME_TYPE""","clear ONE (ambiguous)","NEEDS_REVIEW"
"CaseNote","LSTP_CaseNote_WF001.xlsx","96","ValuesDatasetConflict","pageCreateaVolume","cmb_Natureofvolume","Values=""Permanent"" Dataset=""VOLUME_NATURE""","clear ONE (ambiguous)","NEEDS_REVIEW"
"CaseNote","LSTP_CaseNote_WF001.xlsx","97","ValuesDatasetConflict","pageCreateaVolume","cmb_VolumeHomelocation","Values=""Adult Bed01"" Dataset=""HOME_LOCATION""","clear ONE (ambiguous)","NEEDS_REVIEW"
"CaseNote","LSTP_CaseNote_WF001.xlsx","116","ValuesDatasetConflict","pageRequestVolume","","Values=""2"" Dataset=""2""","clear ONE (ambiguous)","NEEDS_REVIEW"
"Charts","LSTP_Charts_WF001.xlsx","19","ValuesDatasetConflict","pageRegRegistration","txt_City","Values=""London"" Dataset=""CITY""","clear ONE (ambiguous)","NEEDS_REVIEW"
"Charts","LSTP_Charts_WF001.xlsx","21","ElementMissing","pageRegRegistration","txt_ TelephoneHome","pageRegRegistration / txt_ TelephoneHome","(exists nowhere)","NEEDS_LOCATOR"
"Charts","LSTP_Charts_WF001.xlsx","22","ElementMissing","pageRegRegistration","txt_ TelephoneMobile","pageRegRegistration / txt_ TelephoneMobile","(exists nowhere)","NEEDS_LOCATOR"
"Charts","LSTP_Charts_WF001.xlsx","23","ElementMissing","pageRegRegistration","txt_ TelephoneEmail","pageRegRegistration / txt_ TelephoneEmail","(exists nowhere)","NEEDS_LOCATOR"
"Charts","LSTP_Charts_WF001.xlsx","58","ElementWrongPage","pageLORENZO","tbl_SelectRow","page=pageLORENZO","pageHIALRStrikeallergy | pageHome | pageRegRegistration","NEEDS_REVIEW"
"Charts","LSTP_Charts_WF001.xlsx","60","ElementWrongPage","pageLORENZO","tbl_SelectRow","page=pageLORENZO","pageHIALRStrikeallergy | pageHome | pageRegRegistration","NEEDS_REVIEW"
"Charts","LSTP_Charts_WF001.xlsx","61","ElementMissing","pageLORENZO","lnk_Inpatient","pageLORENZO / lnk_Inpatient","(exists nowhere)","NEEDS_LOCATOR"
"Charts","LSTP_Charts_WF001.xlsx","65","ElementMissing","pageAdmitIPAdmitRoad","cmb_intended management","pageAdmitIPAdmitRoad / cmb_intended management","(exists nowhere)","NEEDS_LOCATOR"
"Charts","LSTP_Charts_WF001.xlsx","73","ElementMissing","pageEPRView","btn_Clinical Charts","pageEPRView / btn_Clinical Charts","(exists nowhere)","NEEDS_LOCATOR"
"Charts","LSTP_Charts_WF001.xlsx","75","ElementMissing","pageEPRView","btn_Clinical Charts","pageEPRView / btn_Clinical Charts","(exists nowhere)","NEEDS_LOCATOR"
"Charts","LSTP_Charts_WF001.xlsx","77","ElementMissing","pageLORENZO","lnk_CreateClinicalCharts","pageLORENZO / lnk_CreateClinicalCharts","(exists nowhere)","NEEDS_LOCATOR"
"Charts","LSTP_Charts_WF001.xlsx","110","UnresolvablePage","pageCreate document - LORENZO","btn_FinishNow","pageCreate document - LORENZO","pageCreateDocumentLORENZO","AUTO"
"Charts","LSTP_Charts_WF001.xlsx","110","ElementWrongPage","pageCreateDocumentLORENZO","btn_FinishNow","page=pageCreate document - LORENZO","pageCopyCareplan | pageCreateCareplan | pageCreateCarePlanLORENZO | pageCreateNoteLORENZO | pageDefineCarePlanContent | pageECCloseAttendance | pageECCloseReopenAttendance | pageManagelabouranddeliverysummaryLORENZO | pageModifyCareplan","NEEDS_REVIEW"
"DI","LSTP_DI_WF001.xlsx","13","UnresolvablePage","page..","select empty slot","page..","page","AUTO"
"DI","LSTP_DI_WF001.xlsx","13","ElementMissing","page","select empty slot","page.. / select empty slot","(exists nowhere)","NEEDS_LOCATOR"
"DI","LSTP_DI_WF001.xlsx","30","ElementMissing","pageRegRegistration","btn_NHSNo","pageRegRegistration / btn_NHSNo","(exists nowhere)","NEEDS_LOCATOR"
"DI","LSTP_DI_WF001.xlsx","35","ElementMissing","pageCBookAppointment","cmb_Appointment type","pageCBookAppointment / cmb_Appointment type","(exists nowhere)","NEEDS_LOCATOR"
"DI","LSTP_DI_WF001.xlsx","50","ElementMissing","page","btn_DILink","page / btn_DILink","(exists nowhere)","NEEDS_LOCATOR"
"DI","LSTP_DI_WF001.xlsx","52","ElementMissing","page","btn_DILink","page / btn_DILink","(exists nowhere)","NEEDS_LOCATOR"
"DI","LSTP_DI_WF001.xlsx","54","ElementMissing","page","btn_DILink","page / btn_DILink","(exists nowhere)","NEEDS_LOCATOR"
"DI","LSTP_DI_WF001.xlsx","63","ElementMissing","page","btn_DILink","page / btn_DILink","(exists nowhere)","NEEDS_LOCATOR"
"DI","LSTP_DI_WF001.xlsx","65","ElementMissing","page","btn_DILink","page / btn_DILink","(exists nowhere)","NEEDS_LOCATOR"
"DI","LSTP_DI_WF001.xlsx","67","ElementMissing","page","btn_DILink","page / btn_DILink","(exists nowhere)","NEEDS_LOCATOR"
"DI","LSTP_DI_WF001.xlsx","105","ElementMissing","page","btn_DILink","page / btn_DILink","(exists nowhere)","NEEDS_LOCATOR"
"DI","LSTP_DI_WF001.xlsx","107","ElementMissing","page","btn_DILink","page / btn_DILink","(exists nowhere)","NEEDS_LOCATOR"
"DI","LSTP_DI_WF001.xlsx","109","ElementMissing","page","btn_DILink","page / btn_DILink","(exists nowhere)","NEEDS_LOCATOR"
"EC","LSTP_EC_WF001.xlsx","13","ElementMissing","pageLORENZO","lnk_CreateAttendance","pageLORENZO / lnk_CreateAttendance","(exists nowhere)","NEEDS_LOCATOR"
"EC","LSTP_EC_WF001.xlsx","27","UnresolvablePage","pageQuestion - LORENZO","btn_NHSNo","pageQuestion - LORENZO","pageQuestionLORENZO","AUTO"
"EC","LSTP_EC_WF001.xlsx","27","ElementMissing","pageQuestionLORENZO","btn_NHSNo","pageQuestion - LORENZO / btn_NHSNo","(exists nowhere)","NEEDS_LOCATOR"
"EC","LSTP_EC_WF001.xlsx","55","ElementMissing","pageLORENZO","lnk_ModifyAttendance","pageLORENZO / lnk_ModifyAttendance","(exists nowhere)","NEEDS_LOCATOR"
"EC","LSTP_EC_WF001.xlsx","68","ElementMissing","pageLORENZO","lnk_Triage","pageLORENZO / lnk_Triage","(exists nowhere)","NEEDS_LOCATOR"
"EC","LSTP_EC_WF001.xlsx","72","ElementWrongPage","page","txt_SearchText","page=page","pageDetailsTab | pageECTriageAndStream | pageHome | pageRecordProcedure | pageUntitledPage","NEEDS_REVIEW"
"EC","LSTP_EC_WF001.xlsx","73","ElementWrongPage","page","img_Search","page=page","pageDetailsTab | pageECTriageAndStream | pageHome | pageRecordProcedure | pageUntitledPage","NEEDS_REVIEW"
"EC","LSTP_EC_WF001.xlsx","96","ElementMissing","pageLORENZO","lnk_ModifyTriage","pageLORENZO / lnk_ModifyTriage","(exists nowhere)","NEEDS_LOCATOR"
"EC","LSTP_EC_WF001.xlsx","109","ElementMissing","pageLORENZO","lnk_Seen","pageLORENZO / lnk_Seen","(exists nowhere)","NEEDS_LOCATOR"
"EC","LSTP_EC_WF001.xlsx","129","ElementMissing","pageLORENZO","lnk_DTA","pageLORENZO / lnk_DTA","(exists nowhere)","NEEDS_LOCATOR"
"EC","LSTP_EC_WF001.xlsx","151","UnresolvablePage","pageQuestion - LORENZO","btn_BookingreqYes","pageQuestion - LORENZO","pageQuestionLORENZO","AUTO"
"EC","LSTP_EC_WF001.xlsx","151","ElementMissing","pageQuestionLORENZO","btn_BookingreqYes","pageQuestion - LORENZO / btn_BookingreqYes","(exists nowhere)","NEEDS_LOCATOR"
"EC","LSTP_EC_WF001.xlsx","166","ElementMissing","pageLORENZO","lnk_Inpatient","pageLORENZO / lnk_Inpatient","(exists nowhere)","NEEDS_LOCATOR"
"EC","LSTP_EC_WF001.xlsx","168","ElementMissing","page","tab_BedManagerView","page / tab_BedManagerView","(exists nowhere)","NEEDS_LOCATOR"
"EC","LSTP_EC_WF001.xlsx","170","ElementMissing","page","tab_BedManagerView","page / tab_BedManagerView","(exists nowhere)","NEEDS_LOCATOR"
"EC","LSTP_EC_WF001.xlsx","185","ElementMissing","pageLORENZO","lnk_CloseAttendance","pageLORENZO / lnk_CloseAttendance","(exists nowhere)","NEEDS_LOCATOR"
"HealthIssues","LSTP_HealthIssues_WF001.xlsx","38","ElementMissing","pagePatADMAdmission","cmb_intended management","pagePatADMAdmission / cmb_intended management","(exists nowhere)","NEEDS_LOCATOR"
"HealthIssues","LSTP_HealthIssues_WF001.xlsx","58","ElementMissing","pageLORENZO","lnk_RecordAlert","pageLORENZO / lnk_RecordAlert","(exists nowhere)","NEEDS_LOCATOR"
"HealthIssues","LSTP_HealthIssues_WF001.xlsx","70","ElementMissing","pageLORENZO","lnk_ModifyAlert","pageLORENZO / lnk_ModifyAlert","(exists nowhere)","NEEDS_LOCATOR"
"HealthIssues","LSTP_HealthIssues_WF001.xlsx","80","ElementMissing","pageLORENZO","lnk_CloseAlert","pageLORENZO / lnk_CloseAlert","(exists nowhere)","NEEDS_LOCATOR"
"HealthIssues","LSTP_HealthIssues_WF001.xlsx","94","ElementMissing","pageLORENZO","lnk_ReOpenAlert","pageLORENZO / lnk_ReOpenAlert","(exists nowhere)","NEEDS_LOCATOR"
"HealthIssues","LSTP_HealthIssues_WF001.xlsx","104","ElementMissing","pageLORENZO","lnk_StrikeOutAlert","pageLORENZO / lnk_StrikeOutAlert","(exists nowhere)","NEEDS_LOCATOR"
"HealthIssues","LSTP_HealthIssues_WF001.xlsx","129","ElementMissing","pageLORENZO","lnk_ModifyAllergy","pageLORENZO / lnk_ModifyAllergy","(exists nowhere)","NEEDS_LOCATOR"
"HealthIssues","LSTP_HealthIssues_WF001.xlsx","139","ElementMissing","pageLORENZO","lnk_CloseAllergy","pageLORENZO / lnk_CloseAllergy","(exists nowhere)","NEEDS_LOCATOR"
"HealthIssues","LSTP_HealthIssues_WF001.xlsx","153","ElementMissing","pageLORENZO","lnk_ReOpenAllergy","pageLORENZO / lnk_ReOpenAllergy","(exists nowhere)","NEEDS_LOCATOR"
"HealthIssues","LSTP_HealthIssues_WF001.xlsx","163","ElementMissing","pageLORENZO","lnk_StrikeOutAllergy","pageLORENZO / lnk_StrikeOutAllergy","(exists nowhere)","NEEDS_LOCATOR"
"MSI","LSTP_MSI_WF001.xlsx","17","UnresolvablePage","pagePatientregistration","txt_Surname","pagePatientregistration","(no match)","NEEDS_REVIEW"
"MSI","LSTP_MSI_WF001.xlsx","18","UnresolvablePage","pagePatientregistration","btn_Find","pagePatientregistration","(no match)","NEEDS_REVIEW"
"MSI","LSTP_MSI_WF001.xlsx","20","UnresolvablePage","pagePatientregistration","lnk_BookRegistration","pagePatientregistration","(no match)","NEEDS_REVIEW"
"MSI","LSTP_MSI_WF001.xlsx","52","ElementMissing","pageLORENZO","lnk_ManageReferral","pageLORENZO / lnk_ManageReferral","(exists nowhere)","NEEDS_LOCATOR"
"MSI","LSTP_MSI_WF001.xlsx","58","ElementMissing","pageLORENZO","lnk_ManageReferral","pageLORENZO / lnk_ManageReferral","(exists nowhere)","NEEDS_LOCATOR"
"MSI","LSTP_MSI_WF001.xlsx","79","ElementWrongPage","pagePrintnote","lnk_preview","page=pagePrintnote","pagePrintdocument | pagePrintSelect","NEEDS_REVIEW"
"MSI","LSTP_MSI_WF001.xlsx","80","ElementWrongPage","pagePrintnote","lnk_preview","page=pagePrintnote","pagePrintdocument | pagePrintSelect","NEEDS_REVIEW"
"MSI","LSTP_MSI_WF001.xlsx","92","UnresolvablePage","pageCreate document - LORENZO","btn_FinishNow","pageCreate document - LORENZO","pageCreateDocumentLORENZO","AUTO"
"MSI","LSTP_MSI_WF001.xlsx","92","ElementWrongPage","pageCreateDocumentLORENZO","btn_FinishNow","page=pageCreate document - LORENZO","pageCopyCareplan | pageCreateCareplan | pageCreateCarePlanLORENZO | pageCreateNoteLORENZO | pageDefineCarePlanContent | pageECCloseAttendance | pageECCloseReopenAttendance | pageManagelabouranddeliverysummaryLORENZO | pageModifyCareplan","NEEDS_REVIEW"
"MSI","LSTP_MSI_WF001.xlsx","93","UnresolvablePage","pageCreate document - LORENZO","btn_FinishNow","pageCreate document - LORENZO","pageCreateDocumentLORENZO","AUTO"
"MSI","LSTP_MSI_WF001.xlsx","93","ElementWrongPage","pageCreateDocumentLORENZO","btn_FinishNow","page=pageCreate document - LORENZO","pageCopyCareplan | pageCreateCareplan | pageCreateCarePlanLORENZO | pageCreateNoteLORENZO | pageDefineCarePlanContent | pageECCloseAttendance | pageECCloseReopenAttendance | pageManagelabouranddeliverysummaryLORENZO | pageModifyCareplan","NEEDS_REVIEW"
"NursingActivity","LSTP_NursingActivity_WF001.xlsx","13","ElementMissing","pageLORENZO","lnk_CreateAttendance","pageLORENZO / lnk_CreateAttendance","(exists nowhere)","NEEDS_LOCATOR"
"NursingActivity","LSTP_NursingActivity_WF001.xlsx","30","ElementMissing","pageRegRegistration","txt_ TelephoneHome","pageRegRegistration / txt_ TelephoneHome","(exists nowhere)","NEEDS_LOCATOR"
"NursingActivity","LSTP_NursingActivity_WF001.xlsx","31","ElementMissing","pageRegRegistration","txt_ TelephoneMobile","pageRegRegistration / txt_ TelephoneMobile","(exists nowhere)","NEEDS_LOCATOR"
"NursingActivity","LSTP_NursingActivity_WF001.xlsx","32","ElementMissing","pageRegRegistration","txt_ TelephoneEmail","pageRegRegistration / txt_ TelephoneEmail","(exists nowhere)","NEEDS_LOCATOR"
"NursingActivity","LSTP_NursingActivity_WF001.xlsx","77","ElementMissing","pageLORENZO","lnk_RecordAlert","pageLORENZO / lnk_RecordAlert","(exists nowhere)","NEEDS_LOCATOR"
"OP","LSTP_OP_WF001.xlsx","45","ValuesDatasetConflict","pageCBookAppointment","cmb_Specialty","Values=""UROLOGY"" Dataset=""SPECIALTY""","clear ONE (ambiguous)","NEEDS_REVIEW"
"OP","LSTP_OP_WF001.xlsx","46","ValuesDatasetConflict","pageCBookAppointment","cmb_Appointmenttype","Values=""New"" Dataset=""APPOINTMENT_TYPE""","clear ONE (ambiguous)","NEEDS_REVIEW"
"OP","LSTP_OP_WF001.xlsx","47","ValuesDatasetConflict","pageCBookAppointment","cmb_Priority","Values=""Routine"" Dataset=""PRIORITY""","clear ONE (ambiguous)","NEEDS_REVIEW"
"OP","LSTP_OP_WF001.xlsx","69","ElementWrongPage","pageIPPegboardCurrentView","tbl_OPPegboardGrid","page=pageIPPegboardCurrentView","pageBookAppt | pageIPBook | pageOPbrdHistory | pageOPPegboardCurrentView","NEEDS_REVIEW"
"OP","LSTP_OP_WF001.xlsx","95","ValuesDatasetConflict","pagefmMngAppStatDepart","cmb_Attendstatus","Values=""Attended"" Dataset=""ATTEND_STATUS""","clear ONE (ambiguous)","NEEDS_REVIEW"
"Observations","LSTP_Observations_WF001.xlsx","21","ElementMissing","pageRegRegistration","txt_ TelephoneHome","pageRegRegistration / txt_ TelephoneHome","(exists nowhere)","NEEDS_LOCATOR"
"Observations","LSTP_Observations_WF001.xlsx","22","ElementMissing","pageRegRegistration","txt_ TelephoneMobile","pageRegRegistration / txt_ TelephoneMobile","(exists nowhere)","NEEDS_LOCATOR"
"Observations","LSTP_Observations_WF001.xlsx","23","ElementMissing","pageRegRegistration","txt_ TelephoneEmail","pageRegRegistration / txt_ TelephoneEmail","(exists nowhere)","NEEDS_LOCATOR"
"Observations","LSTP_Observations_WF001.xlsx","58","ElementWrongPage","pageLORENZO","tbl_SelectRow","page=pageLORENZO","pageHIALRStrikeallergy | pageHome | pageRegRegistration","NEEDS_REVIEW"
"Observations","LSTP_Observations_WF001.xlsx","60","ElementWrongPage","pageLORENZO","tbl_SelectRow","page=pageLORENZO","pageHIALRStrikeallergy | pageHome | pageRegRegistration","NEEDS_REVIEW"
"Observations","LSTP_Observations_WF001.xlsx","61","ElementMissing","pageLORENZO","lnk_Inpatient","pageLORENZO / lnk_Inpatient","(exists nowhere)","NEEDS_LOCATOR"
"Observations","LSTP_Observations_WF001.xlsx","65","ElementMissing","pageAdmitIPAdmitRoad","cmb_intended management","pageAdmitIPAdmitRoad / cmb_intended management","(exists nowhere)","NEEDS_LOCATOR"
"Problems","LSTP_Problems_WF001.xlsx","24","ElementMissing","pageRegRegistration","txt_ TelephoneHome","pageRegRegistration / txt_ TelephoneHome","(exists nowhere)","NEEDS_LOCATOR"
"Problems","LSTP_Problems_WF001.xlsx","25","ElementMissing","pageRegRegistration","txt_ TelephoneMobile","pageRegRegistration / txt_ TelephoneMobile","(exists nowhere)","NEEDS_LOCATOR"
"Problems","LSTP_Problems_WF001.xlsx","26","ElementMissing","pageRegRegistration","txt_ TelephoneEmail","pageRegRegistration / txt_ TelephoneEmail","(exists nowhere)","NEEDS_LOCATOR"
"Referral","LSTP_Referral_WF001.xlsx","33","ValuesDatasetConflict","pageCreateReferral","cmb_ServiceType","Values=""Advice/Consultation"" Dataset=""SERVICE_TYPE""","clear ONE (ambiguous)","NEEDS_REVIEW"
"Referral","LSTP_Referral_WF001.xlsx","34","ValuesDatasetConflict","pageCreateReferral","cmb_RefPriority","Values=""Urgent"" Dataset=""REFERRAL_PRIORITY""","clear ONE (ambiguous)","NEEDS_REVIEW"
"Referral","LSTP_Referral_WF001.xlsx","35","ValuesDatasetConflict","pageCreateReferral","cmb_RefType","Values=""Inpatient"" Dataset=""REFERRAL_TYPE""","clear ONE (ambiguous)","NEEDS_REVIEW"
"Referral","LSTP_Referral_WF001.xlsx","36","ValuesDatasetConflict","pageCreateReferral","cmb_RefSource","Values=""Self-referral"" Dataset=""REFERRAL_SOURCE""","clear ONE (ambiguous)","NEEDS_REVIEW"
"Referral","LSTP_Referral_WF001.xlsx","57","ValuesDatasetConflict","pageModifyReferralDetails","cmb_RefPriority","Values=""Routine"" Dataset=""MODIFY_PRIORITY""","clear ONE (ambiguous)","NEEDS_REVIEW"
"Referral","LSTP_Referral_WF001.xlsx","89","ValuesDatasetConflict","pageReopenReferral","cmb_SelectReason","Values=""Closed in error"" Dataset=""REOPEN_REFERRAL""","clear ONE (ambiguous)","NEEDS_REVIEW"
"Reports","LSTP_Reports_WF001.xlsx","18","ValuesDatasetConflict","","","Values=""_current | 3D | DD/MM/YYYY |_dtmPast3Day"" Dataset=""_PastDate""","clear ONE (ambiguous)","NEEDS_REVIEW"
"TaskMgmt_FloorPlan","LSTP_TaskMgmt_FloorPlan_WF001.xlsx","14","ElementMissing","pageInpatient","lnk_Floorplan","pageInpatient / lnk_Floorplan","(exists nowhere)","NEEDS_LOCATOR"
"TaskMgmt_FloorPlan","LSTP_TaskMgmt_FloorPlan_WF001.xlsx","16","ElementMissing","pageIPPegboardCurrentView","icn_Emptybubble","pageIPPegboardCurrentView / icn_Emptybubble","(exists nowhere)","NEEDS_LOCATOR"
"TaskMgmt_FloorPlan","LSTP_TaskMgmt_FloorPlan_WF001.xlsx","29","ElementWrongPage","pageBookWardappointment","btn_BookFinishnow","page=pageBookWardappointment","pageFindandbook | pageIPBook | pagePatientSearch","NEEDS_REVIEW"
"TaskMgmt_FloorPlan","LSTP_TaskMgmt_FloorPlan_WF001.xlsx","41","ElementWrongPage","pageIPPegboardCurrentView","lnkTaskPanePatient","page=pageIPPegboardCurrentView","pageHome | pageInpatient","NEEDS_REVIEW"
"TaskMgmt_FloorPlan","LSTP_TaskMgmt_FloorPlan_WF001.xlsx","45","ElementMissing","pagePatADMAdmission","cmb_intended management","pagePatADMAdmission / cmb_intended management","(exists nowhere)","NEEDS_LOCATOR"
"TaskMgmt_FloorPlan","LSTP_TaskMgmt_FloorPlan_WF001.xlsx","60","ElementMissing","pageReAssignTask","icn_task recipients","pageReAssignTask / icn_task recipients","(exists nowhere)","NEEDS_LOCATOR"
"TaskMgmt_FloorPlan","LSTP_TaskMgmt_FloorPlan_WF001.xlsx","104","ElementMissing","pageInpatient","lnk_Floorplan","pageInpatient / lnk_Floorplan","(exists nowhere)","NEEDS_LOCATOR"
"TaskMgmt_FloorPlan","LSTP_TaskMgmt_FloorPlan_WF001.xlsx","106","ElementMissing","pageIPPegboardCurrentView","icn_select bubble","pageIPPegboardCurrentView / icn_select bubble","(exists nowhere)","NEEDS_LOCATOR"
"TaskMgmt_FloorPlan","LSTP_TaskMgmt_FloorPlan_WF001.xlsx","107","ElementMissing","pageIPPegboardCurrentView","icn_select bubble","pageIPPegboardCurrentView / icn_select bubble","(exists nowhere)","NEEDS_LOCATOR"
"TaskMgmt_FloorPlan","LSTP_TaskMgmt_FloorPlan_WF001.xlsx","109","ElementWrongPage","pageIPPegboardCurrentView","lnkTaskPanePatient","page=pageIPPegboardCurrentView","pageHome | pageInpatient","NEEDS_REVIEW"
"TaskMgmt_FloorPlan","LSTP_TaskMgmt_FloorPlan_WF001.xlsx","113","ElementMissing","pagePatientTransfer","btn_Finish nowCP","pagePatient transfer / btn_Finish nowCP","(exists nowhere)","NEEDS_LOCATOR"
"Theatres","LSTP_Theatres_WF001.xlsx","161","ElementMissing","pageTheatreManagement","m","pageTheatreManagement / m","(exists nowhere)","NEEDS_LOCATOR"
"ePMA","LSTP_ePMA_WF001.xlsx","74","ValuesDatasetConflict","pageAdmitIPAdmitRoad","cmb_AdmissionSource","Values=""Temporary place of residence"" Dataset=""ADMISSIONSOURCE""","clear ONE (ambiguous)","NEEDS_REVIEW"
"ePMA","LSTP_ePMA_WF001.xlsx","75","ValuesDatasetConflict","pageAdmitIPAdmitRoad","cmb_AdmissionType","Values=""Elective Admission: Planned"" Dataset=""ADMISSION TYPE""","clear ONE (ambiguous)","NEEDS_REVIEW"
"ePMA","LSTP_ePMA_WF001.xlsx","76","ValuesDatasetConflict","pageAdmitIPAdmitRoad","cmb_intendedManagement","Values=""Scheduled sequence of night admissions"" Dataset=""INTENDEDMANAGEMENT""","clear ONE (ambiguous)","NEEDS_REVIEW"