"File","Element","Line","Type","Xpath"
"pageAdmitIPAdmitRoad.js","btn_Finishnow","9","CONFLICT (different xpath)","'//table//td[@title=""Finish now""]'"
"pageAdmitIPAdmitRoad.js","btn_Finishnow","21","CONFLICT (different xpath)","""//td[@title='Finish now']"""
"pageAdmitIPAdmitRoad.js","btn_Next","8","CONFLICT (different xpath)","'//table//td[@title=""Next""]'"
"pageAdmitIPAdmitRoad.js","btn_Next","18","CONFLICT (different xpath)","""//td[@title='Next']"""
"pageAdmitIPAdmitRoad.js","cmb_AdmissionSource","3","harmless (identical)","""//input[@title='Select Admission source']"""
"pageAdmitIPAdmitRoad.js","cmb_AdmissionSource","15","harmless (identical)","""//input[@title='Select Admission source']"""
"pageAdmitIPAdmitRoad.js","cmb_AdmissionType","4","harmless (identical)","""//input[@title='Select Type of admission']"""
"pageAdmitIPAdmitRoad.js","cmb_AdmissionType","16","harmless (identical)","""//input[@title='Select Type of admission']"""
"pageAdmitIPAdmitRoad.js","cmb_BedCategory","11","harmless (identical)","""//input[@title='Select bed category']"""
"pageAdmitIPAdmitRoad.js","cmb_BedCategory","20","harmless (identical)","""//input[@title='Select bed category']"""
"pageAdmitIPAdmitRoad.js","cmb_intendedManagement","5","CONFLICT (different xpath)","""//input[@title='Select intended management']"""
"pageAdmitIPAdmitRoad.js","cmb_intendedManagement","17","CONFLICT (different xpath)","""//input[@id='icombobox_Text_C26']"""
"pageAdmitIPAdmitRoad.js","cmb_WardName","10","harmless (identical)","""//input[@name='icombobox_Text_C40']"""
"pageAdmitIPAdmitRoad.js","cmb_WardName","19","harmless (identical)","""//input[@name='icombobox_Text_C40']"""
"PageAllocatetocaseload.js","btn_yes","7","harmless (identical)","""//span[@class='Cmd_AK' and normalize-space()='Y']"""
"PageAllocatetocaseload.js","btn_yes","15","harmless (identical)","""//span[@class='Cmd_AK' and normalize-space()='Y']"""
"pageappAPCreOfferTCIBasicSrchCriteria.js","txt_ExpectedLengthOfStay","7","harmless (identical)","""//input[@name='iupdownbox_Value_C28']"""
"pageappAPCreOfferTCIBasicSrchCriteria.js","txt_ExpectedLengthOfStay","11","harmless (identical)","""//input[@name='iupdownbox_Value_C28']"""
"pageBookAppt.js","btn_Find","31","CONFLICT (different xpath)","""//td[@title='Click to find']"""
"pageBookAppt.js","btn_Find","43","CONFLICT (different xpath)","""//td[@class='Cmd_TTE' and @title='Click to execute the selected search criteria']"""
"pageBookAppt.js","btn_Finishnow","38","CONFLICT (different xpath)","""//td[@title='Finish now']"""
"pageBookAppt.js","btn_Finishnow","45","CONFLICT (different xpath)","""//h1[contains(text(),'Referral details')]/ancestor::table//tr[contains(@class,'TRSty3')]//button[@id='ic_C_C9']"""
"pageBookAppt.js","btn_Ok","32","CONFLICT (different xpath)","""//td[@title='Click to add the selected health organisation(s)']"""
"pageBookAppt.js","btn_Ok","44","CONFLICT (different xpath)","""//img[@id='ic_I_C7' and @title='Click to add the selected care providers(s)']"""
"pageBookAppt.js","btn_PopUpNo","12","harmless (identical)","""//td[@class='Cmd_TTE'][@title='No']"""
"pageBookAppt.js","btn_PopUpNo","19","harmless (identical)","""//td[@class='Cmd_TTE'][@title='No']"""
"pageBookAppt.js","cmb_SelectAction","47","CONFLICT (different xpath)","""//table[@dikey='cboSelectaction']"""
"pageBookAppt.js","cmb_SelectAction","50","CONFLICT (different xpath)","""//img[@title='Select the action to be performed on the referral']"""
"pageBookAppt.js","dte_ReferralAcceptedDateTime","40","CONFLICT (different xpath)","""//input[@class='DP_TB_Text']"""
"pageBookAppt.js","dte_ReferralAcceptedDateTime","53","CONFLICT (different xpath)","""//tr[@id='trMngReferralDate']//input[@type='text']"","
"pageBookAppt.js","txt_Identifier","3","CONFLICT (different xpath)","""//input[@title='Enter an identifier']"""
"pageBookAppt.js","txt_Identifier","30","CONFLICT (different xpath)","""//input[@title='Enter an identifier']"""
"pageBookAppt.js","txt_Identifier","42","CONFLICT (different xpath)","""//input[@id='it_C_itxtID' and @title='Enter the identifier']"""
"pageCBasicSearchCodingEntity.js","btn_Execute","5","harmless (identical)","""//td[@title='Click here to view results for the given criteria' and normalize-space()='Execute']"""
"pageCBasicSearchCodingEntity.js","btn_Execute","8","harmless (identical)","""//td[@title='Click here to view results for the given criteria' and normalize-space()='Execute']"""
"pageCBasicSearchCodingEntity.js","lbl_EntityType","2","harmless (identical)","""//label[normalize-space()='Admission']"""
"pageCBasicSearchCodingEntity.js","lbl_EntityType","6","harmless (identical)","""//label[normalize-space()='Admission']"""
"pageCBookAppointment.js","cmb_AppointmentType","3","CONFLICT (different xpath)","""//img[@id='icombobox_Image_C26' and @title='Appointment Type' and contains(@onclick,'ImageClick')]"""
"pageCBookAppointment.js","cmb_AppointmentType","14","CONFLICT (different xpath)","""//input[@id='icombobox_Text_C26']"""
"pageCBookAppointment.js","Cmb_Priority","4","CONFLICT (different xpath)","""//img[@id='icombobox_Image_C33' and @title='Priority' and contains(@onclick,'ImageClick')]"""
"pageCBookAppointment.js","Cmb_Priority","13","CONFLICT (different xpath)","""//input[@id='icombobox_Text_C33']"""
"pageCBookAppointment.js","cmb_Specialty","7","CONFLICT (different xpath)","""cmb_Specialty"""
"pageCBookAppointment.js","cmb_Specialty","12","CONFLICT (different xpath)","""//input[@id='icombobox_Text_C11']"""
"pageCBookAppointment.js","lnk_CreatereferralOP","5","harmless (identical)","""td[title='Create referral/episode']"""
"pageCBookAppointment.js","lnk_CreatereferralOP","8","harmless (identical)","""td[title='Create referral/episode']"""
"pageCreateCareplan.js","btn_FinishNow","9","harmless (identical)","""//td[@title='Finish now']"""
"pageCreateCareplan.js","btn_FinishNow","16","harmless (identical)","""//td[@title='Finish now']"""
"pageCreateReferral.js","cmb_RefPriority","6","CONFLICT (different xpath)","""//*[@dikey='cboRefPriority']"""
"pageCreateReferral.js","cmb_RefPriority","8","CONFLICT (different xpath)","""//input[@title='Select referral priority']"""
"pageDefUsers.js","btn_findnow","4","CONFLICT (different xpath)","""//td[@title='Click to execute the selected search criteria']"""
"pageDefUsers.js","btn_findnow","13","CONFLICT (different xpath)","""//td[@title = 'Click to execute the selected search criteria']"""
"pageDispatchVolumes.js","btn_Finish","2","CONFLICT (different xpath)","""//span[normalize-space()='Finish']"""
"pageDispatchVolumes.js","btn_Finish","8","CONFLICT (different xpath)","""//td[@title='Finish']"""
"pageEditBedBooking.js","btn_Finishnow","6","harmless (identical)","""//td[@title='Finish now']"""
"pageEditBedBooking.js","btn_Finishnow","9","harmless (identical)","""//td[@title='Finish now']"""
"pageEditBedBooking.js","cmb_ManagementIntention","2","harmless (identical)","""//input[@title='Select Management intention from the list']"""
"pageEditBedBooking.js","cmb_ManagementIntention","7","harmless (identical)","""//input[@title='Select Management intention from the list']"""
"pageEditBedBooking.js","cmb_priority","3","harmless (identical)","""//input[@title='Select priority']"""
"pageEditBedBooking.js","cmb_priority","8","harmless (identical)","""//input[@title='Select priority']"""
"pageEPRView.js","btn_AccessplanningEPL","42","harmless (identical)","""//td[normalize-space()='Access Planning']"""
"pageEPRView.js","btn_AccessplanningEPL","53","harmless (identical)","""//td[normalize-space()='Access Planning']"""
"pageEPRView.js","btn_Referral","23","CONFLICT (different xpath)","""//td[@caption='Re&ferrals']"";f"
"pageEPRView.js","btn_Referral","52","CONFLICT (different xpath)","""//td[@caption='Re&ferrals']"""
"pageEPRView.js","lbl_createAccessPlanEntrySCL","43","harmless (identical)","""(//li[contains(@caption,'Create access plan entry')])[2]"""
"pageEPRView.js","lbl_createAccessPlanEntrySCL","54","harmless (identical)","""(//li[contains(@caption,'Create access plan entry')])[2]"""
"pageFindandbook.js","btn_Finish","21","CONFLICT (different xpath)","""//td[normalize-space()='Finish']"""
"pageFindandbook.js","btn_Finish","27","CONFLICT (different xpath)","""//td[@title='Finish']"""
"pageHIALRCloseallergy.js","btn_Finish","19","harmless (identical)","""//td[@title='Finish']"""
"pageHIALRCloseallergy.js","btn_Finish","30","harmless (identical)","""//td[@title='Finish']"""
"pageHIALRStrikeallergy.js","btn_Finish","33","harmless (identical)","""//td[@title='Finish']"""
"pageHIALRStrikeallergy.js","btn_Finish","37","harmless (identical)","""//td[@title='Finish']"""
"pageHome.js","btn_Find","13","harmless (identical)","""//button[@title='Click to Find']"""
"pageHome.js","btn_Find","71","harmless (identical)","""//button[@title='Click to Find']"""
"pageHome.js","btn_Finish","67","CONFLICT (different xpath)","""//span[normalize-space()='Finish']"""
"pageHome.js","btn_Finish","146","CONFLICT (different xpath)","""//span[.//span[normalize-space()='F'] and contains(normalize-space(.),'Finish')]"""
"pageHome.js","btn_OK","26","CONFLICT (different xpath)","""//button[@title='OK'][contains(@class, 'Command_Normal')]"""
"pageHome.js","btn_OK","195","CONFLICT (different xpath)","""//button[@title='Click to add the selected patient']"""
"pageHome.js","btn_PopUpNo","73","CONFLICT (different xpath)","""//td[@class='Cmd_TTE'][@title='No']"""
"pageHome.js","btn_PopUpNo","126","CONFLICT (different xpath)","""//td[@class='Cmd_TTE'][@title='No']"""
"pageHome.js","btn_PopUpNo","197","CONFLICT (different xpath)","""//td[@class='Cmd_TTE' and @title='No']"""
"pageHome.js","btn_PopUpOk","121","harmless (identical)","""//td[@class='Cmd_TTE'][@title='Ok']"""
"pageHome.js","btn_PopUpOk","196","harmless (identical)","""//td[@class='Cmd_TTE'][@title='Ok']"""
"pageHome.js","btn_Yes","22","harmless (identical)","""//td[@title='Yes']"""
"pageHome.js","btn_Yes","172","harmless (identical)","""//td[@title='Yes']"""
"pageHome.js","btn_Yes","204","harmless (identical)","""//td[@title='Yes']"""
"pageHome.js","chk_Selectcheckbox","138","harmless (identical)","""//input[@type='checkbox' and @data-role='checkbox' and @aria-label='Select row']"""
"pageHome.js","chk_Selectcheckbox","150","harmless (identical)","""//input[@type='checkbox' and @data-role='checkbox' and @aria-label='Select row']"""
"pageHome.js","cmb_Gender","69","CONFLICT (different xpath)","""//input[@title='Enter a gender value']"""
"pageHome.js","cmb_Gender","158","CONFLICT (different xpath)","""//label[text()='Gender']"""
"pageHome.js","lbl_Gender","68","CONFLICT (different xpath)","""//label[text()='Gender']"""
"pageHome.js","lbl_Gender","159","CONFLICT (different xpath)","""//input[@title='Enter a gender value']"""
"pageHome.js","lbl_PatientBookBanner","78","harmless (identical)","""(//td[@class='CxtBar_TD6'])[1]"""
"pageHome.js","lbl_PatientBookBanner","199","harmless (identical)","""(//td[@class='CxtBar_TD6'])[1]"""
"pageHome.js","lnk_AdmitTaskPane","61","CONFLICT (different xpath)","""(//span[text()='Admit'])[1]"""
"pageHome.js","lnk_AdmitTaskPane","131","CONFLICT (different xpath)","""//li[@id='itTT_C20_11']"""
"pageHome.js","lnk_EditBooking","60","harmless (identical)","""//li[@id='itTT_C20_67']//span[@class='T_PL'][normalize-space()='Edit booking']"""
"pageHome.js","lnk_EditBooking","130","harmless (identical)","""//li[@id='itTT_C20_67']//span[@class='T_PL'][normalize-space()='Edit booking']"""
"pageHome.js","lnk_ManageAppointmentStatus","30","harmless (identical)","""//li[@id='itTT_C20_4']//span[contains(@class,'T_PL')][normalize-space()='Manage Appointment Status']"""
"pageHome.js","lnk_ManageAppointmentStatus","129","harmless (identical)","""//li[@id='itTT_C20_4']//span[contains(@class,'T_PL')][normalize-space()='Manage Appointment Status']"""
"pageHome.js","lnk_Summary","79","harmless (identical)","""//nobr[normalize-space(.)='Summary']"""
"pageHome.js","lnk_Summary","168","harmless (identical)","""//nobr[normalize-space(.)='Summary']"""
"pageHome.js","lnkTaskPanePatient","11","harmless (identical)","""//span[normalize-space()='Find record']"""
"pageHome.js","lnkTaskPanePatient","155","harmless (identical)","""//span[normalize-space()='Find record']"""
"pageHome.js","tab_InTheatre","4","harmless (identical)","""//td[@title='In theatre']"""
"pageHome.js","tab_InTheatre","35","harmless (identical)","""//td[@title='In theatre']"""
"pageHome.js","tab_MyWork","3","CONFLICT (different xpath)","""//td[@title='My work']"""
"pageHome.js","tab_MyWork","20","CONFLICT (different xpath)","""//td[@caption='Patients'][@key='TB_PATNT']"""
"pageHome.js","tab_MyWork","180","CONFLICT (different xpath)","""//td[@key='TB_FS_MAIN_THEATRES']"""
"pageHome.js","tab_Patients","2","harmless (identical)","""//td[@caption='Patients'][@key='TB_PATNT']"""
"pageHome.js","tab_Patients","205","harmless (identical)","""//td[@caption='Patients'][@key='TB_PATNT']"""
"pageHome.js","txt_Forename","74","harmless (identical)","""//input[@dikey='itxtForename']"""
"pageHome.js","txt_Forename","157","harmless (identical)","""//input[@dikey='itxtForename']"""
"pageInpatient.js","tbl_IPHistoryCurrentview","9","harmless (identical)","""//td[@caption='Current View']"""
"pageInpatient.js","tbl_IPHistoryCurrentview","12","harmless (identical)","""//td[@caption='Current View']"""
"pageInpatientmedication.js","lnk_searchdrug","5","harmless (identical)","""//button[normalize-space()='Search drug catalogue']"""
"pageInpatientmedication.js","lnk_searchdrug","49","harmless (identical)","""//button[normalize-space()='Search drug catalogue']"""
"pageIPBook.js","btn_Find","30","CONFLICT (different xpath)","""//td[@title='Click to find']"""
"pageIPBook.js","btn_Find","42","CONFLICT (different xpath)","""//td[@class='Cmd_TTE' and @title='Click to execute the selected search criteria']"""
"pageIPBook.js","btn_Ok","31","CONFLICT (different xpath)","""//td[@title='Click to add the selected health organisation(s)']"""
"pageIPBook.js","btn_Ok","43","CONFLICT (different xpath)","""//img[@id='ic_I_C7' and @title='Click to add the selected care providers(s)']"""
"pageIPBook.js","btn_PopUpNo","12","harmless (identical)","""//td[@class='Cmd_TTE'][@title='No']"""
"pageIPBook.js","btn_PopUpNo","19","harmless (identical)","""//td[@class='Cmd_TTE'][@title='No']"""
"pageIPBook.js","cmb_SelectAction","46","CONFLICT (different xpath)","""//table[@dikey='cboSelectaction']"""
"pageIPBook.js","cmb_SelectAction","49","CONFLICT (different xpath)","""//img[@title='Select the action to be performed on the referral']"""
"pageIPBook.js","dte_ReferralAcceptedDateTime","39","CONFLICT (different xpath)","""//input[@class='DP_TB_Text']"""
"pageIPBook.js","dte_ReferralAcceptedDateTime","52","CONFLICT (different xpath)","""//tr[@id='trMngReferralDate']//input[@type='text']"""
"pageIPBook.js","icn_SFS","50","CONFLICT (different xpath)","""//img[@title='Select the episode name']"""
"pageIPBook.js","icn_SFS","56","CONFLICT (different xpath)","""//img[contains(@title,'Select a care provider')]"""
"pageIPBook.js","txt_Identifier","3","CONFLICT (different xpath)","""//input[@title='Enter an identifier']"""
"pageIPBook.js","txt_Identifier","29","CONFLICT (different xpath)","""//input[@title='Enter an identifier']"""
"pageIPBook.js","txt_Identifier","41","CONFLICT (different xpath)","""//input[@id='it_C_itxtID' and @title='Enter the identifier']"""
"pageLORENZO.js","lbl_ManageOffer","5","harmless (identical)","""(//li[contains(@caption,'Manage offer')])[6]"""
"pageLORENZO.js","lbl_ManageOffer","38","harmless (identical)","""(//li[contains(@caption,'Manage offer')])[6]"""
"pageLORENZO.js","lbl_modifyAccessPlanEntrySCL","3","harmless (identical)","""//span[normalize-space()='Modify access plan entry']"""
"pageLORENZO.js","lbl_modifyAccessPlanEntrySCL","34","harmless (identical)","""//span[normalize-space()='Modify access plan entry']"""
"pageManageReferral.js","cmb_SelectAction","2","CONFLICT (different xpath)","""//table[@dikey='cboSelectaction']"""
"pageManageReferral.js","cmb_SelectAction","5","CONFLICT (different xpath)","""//img[@title='Select the action to be performed on the referral']"""
"pageNewReportLORENZO.js","btn_Next","9","CONFLICT (different xpath)","""//span[normalize-space()='Next']"""
"pageNewReportLORENZO.js","btn_Next","11","CONFLICT (different xpath)","""//td[@class='Cmd_TTE' and @title='Next']"""
"pageNewReportLORENZO.js","txt_DisplayName","3","CONFLICT (different xpath)","""//input[@id='it_C_C5']"";np"
"pageNewReportLORENZO.js","txt_DisplayName","5","CONFLICT (different xpath)","""//input[@id='it_C_C5']"""
"pagePbrdHistory.js","tbl_IPHistoryCurrentview","3","harmless (identical)","""//td[@caption='Current View']"""
"pagePbrdHistory.js","tbl_IPHistoryCurrentview","24","harmless (identical)","""//td[@caption='Current View']"""
"pagePbrdHistory.js","tbl_IPHistoryVerifystatus","7","CONFLICT (different xpath)","""(//td[@icn='Event'])[1]"""
"pagePbrdHistory.js","tbl_IPHistoryVerifystatus","23","CONFLICT (different xpath)","""//td[@ival='Booked']"""
"pageRecodeLORENZO.js","btn_Finishnow","5","harmless (identical)","""//span[contains(normalize-space(.),'Finish now')]"""
"pageRecodeLORENZO.js","btn_Finishnow","9","harmless (identical)","""//span[contains(normalize-space(.),'Finish now')]"""
"pageRecodeLORENZO.js","cmb_Category","2","harmless (identical)","""//img[@id='icombobox_Image_C8']"""
"pageRecodeLORENZO.js","cmb_Category","6","harmless (identical)","""//img[@id='icombobox_Image_C8']"""
"pageRecodeLORENZO.js","cmb_Category","13","harmless (identical)","""//img[@id='icombobox_Image_C8']"""
"pageRecodeLORENZO.js","cmb_Codingscheme","3","harmless (identical)","""//img[@id='icombobox_Image_C10']"""
"pageRecodeLORENZO.js","cmb_Codingscheme","7","harmless (identical)","""//img[@id='icombobox_Image_C10']"""
"pageRecodeLORENZO.js","cmb_Codingscheme","14","harmless (identical)","""//img[@id='icombobox_Image_C10']"""
"pageRegRegistration.js","btn_Cancel","48","CONFLICT (different xpath)","""//td[@class='msgboxbtnparentdiv']//td[@title='Cancel']"""
"pageRegRegistration.js","btn_Cancel","54","CONFLICT (different xpath)","""//form[@name='iShowMessage']//td[@title='Cancel']"""
"pageRegRegistration.js","btn_Finishnow","5","CONFLICT (different xpath)","""//table//td[@title='Finish now']"""
"pageRegRegistration.js","btn_Finishnow","49","CONFLICT (different xpath)","""//title[contains(text(),'Registration - LORENZO')]/ancestor::html//td[@title='Finish now']"""
"pageRegRegistration.js","btn_Finishnow","53","CONFLICT (different xpath)","""//table//td[@title='Finish now']"""
"pageRegRegistration.js","btn_OkCP","33","CONFLICT (different xpath)","""//td[@title='Click to add the selected care providers(s)']"""
"pageRegRegistration.js","btn_OkCP","45","CONFLICT (different xpath)","""//td[normalize-space(.)='Ok']"""
"pageRegRegistration.js","cmb_Country","4","harmless (identical)","""//input[@title='Enter Country']"""
"pageRegRegistration.js","cmb_Country","52","harmless (identical)","""//input[@title='Enter Country']"""
"pageRegRegistration.js","txt_City","3","harmless (identical)","""//input[@dikey='C53_tA4']"""
"pageRegRegistration.js","txt_City","51","harmless (identical)","""//input[@dikey='C53_tA4']"""
"pageRegRegistration.js","txt_Forename","2","harmless (identical)","""//input[@dikey='itxtForename']"""
"pageRegRegistration.js","txt_Forename","50","harmless (identical)","""//input[@dikey='itxtForename']"""
"pageRequestVolume.js","btn_AdultFloor01","10","harmless (identical)","""//span[normalize-space(.)='Adult Floor01']"""
"pageRequestVolume.js","btn_AdultFloor01","17","harmless (identical)","""//span[normalize-space(.)='Adult Floor01']"""
"pageRequestVolume.js","btn_Cancel","21","harmless (identical)","""//td[@title='Cancel']"""
"pageRequestVolume.js","btn_Cancel","23","harmless (identical)","""//td[@title='Cancel']"""
"pageRequestVolume.js","btn_Findls","9","harmless (identical)","""//td[normalize-space(.)='Find']"""
"pageRequestVolume.js","btn_Findls","16","harmless (identical)","""//td[normalize-space(.)='Find']"""
"pageRequestVolume.js","btn_Finish","13","harmless (identical)","""//td[@title='Finish']"""
"pageRequestVolume.js","btn_Finish","20","harmless (identical)","""//td[@title='Finish']"""
"pageRequestVolume.js","btn_Okls","11","harmless (identical)","""//td[normalize-space(.)='Ok']"""
"pageRequestVolume.js","btn_Okls","18","harmless (identical)","""//td[normalize-space(.)='Ok']"""
"pageRequestVolume.js","cmb_ReasonRequest","12","harmless (identical)","""//input[@title='Select reason for the request']"""
"pageRequestVolume.js","cmb_ReasonRequest","19","harmless (identical)","""//input[@title='Select reason for the request']"""
"pageRequestVolume.js","ico_LocationSFS","7","CONFLICT (different xpath)","""//input[@dikey='txtRequiredAtLocation']"""
"pageRequestVolume.js","ico_LocationSFS","14","CONFLICT (different xpath)","""//img[@id='ic_I_C15']"""
"pageRequestVolume.js","txt_Mainidentifier","8","harmless (identical)","""//input[@dikey='itxtIdentifier']"""
"pageRequestVolume.js","txt_Mainidentifier","15","harmless (identical)","""//input[@dikey='itxtIdentifier']"""
"pageSNOMEDDATA.js","btn_OPStartedNOW","14","CONFLICT (different xpath)","""//ion-label[normalize-space()='started']/ancestor::ion-card-header/following-sibling::ion-card-content//ion-button[normalize-space()='NOW']"""
"pageSNOMEDDATA.js","btn_OPStartedNOW","16","CONFLICT (different xpath)","""//ion-button[normalize-space()='NOW']"""
"pageSNOMEDDATA.js","lnk_Theatre_Booked","59","CONFLICT (different xpath)","'//tr[.//div[normalize-space()=""Booked""]][.//div[@title=""_BannerPASIDUpper""]]//ion-icon[@name=""calendar""]'"
"pageSNOMEDDATA.js","lnk_Theatre_Booked","60","CONFLICT (different xpath)","`//tr[.//div[normalize-space()='Booked']][.//div[text()='${_BannerPASIDUpper}']]//ion-icon[@name='calendar']`"
"pageSNOMEDDATA.js","lnk_Theatre_Booked","61","CONFLICT (different xpath)","`//tr[.//div[normalize-space()='Booked']][.//div[@title='<variable>']]//ion-icon[@name='calendar']`"
"pageSNOMEDDATA.js","lnk_Theatre_Booked","62","CONFLICT (different xpath)","""//div[@class='smallfont2' and text()='"" + _BannerPASIDUpper + ""']/ancestor::tr"""
"pageSNOMEDDATA.js","tbl_Hubicon","11","harmless (identical)","""(//div[@title='<variable>']/ancestor::tr[@kendogridlogicalrow]/td/div[@part='calenderIcon'])[1]"""
"pageSNOMEDDATA.js","tbl_Hubicon","69","harmless (identical)","""(//div[@title='<variable>']/ancestor::tr[@kendogridlogicalrow]/td/div[@part='calenderIcon'])[1]"""
"pageStrikealert.js","chk_Confirm","3","harmless (identical)","""//td[@title='Click to Confirm']/img"""
"pageStrikealert.js","chk_Confirm","6","harmless (identical)","""//td[@title='Click to Confirm']/img"""
"pageTheatreManagement.js","btn_OkManagedelay","23","CONFLICT (different xpath)","""//ion-button[contains(@class,'ok-btn')]"""
"pageTheatreManagement.js","btn_OkManagedelay","85","CONFLICT (different xpath)","""//ion-button[contains(.,'Ok')]"""
"pageTheatreManagement.js","btn_OPStartedNOW","16","CONFLICT (different xpath)","""//ion-label[normalize-space()='started']/ancestor::ion-card-header/following-sibling::ion-card-content//ion-button[normalize-space()='NOW']"""
"pageTheatreManagement.js","btn_OPStartedNOW","18","CONFLICT (different xpath)","""//ion-button[normalize-space()='NOW']"""
"pageTheatreManagement.js","btn_ReasonOK","22","CONFLICT (different xpath)","""//ion-button[contains(@class,'save-button manage_ops_save ')]"""
"pageTheatreManagement.js","btn_ReasonOK","84","CONFLICT (different xpath)","""//ion-button[contains(.,'OK')]"""
"pageTheatreManagement.js","lnk_Theatre_Booked","65","CONFLICT (different xpath)","'//tr[.//div[normalize-space()=""Booked""]][.//div[@title=""_BannerPASIDUpper""]]//ion-icon[@name=""calendar""]'"
"pageTheatreManagement.js","lnk_Theatre_Booked","66","CONFLICT (different xpath)","`//tr[.//div[normalize-space()='Booked']][.//div[text()='${_BannerPASIDUpper}']]//ion-icon[@name='calendar']`"
"pageTheatreManagement.js","lnk_Theatre_Booked","67","CONFLICT (different xpath)","`//tr[.//div[normalize-space()='Booked']][.//div[@title='<variable>']]//ion-icon[@name='calendar']`"
"pageTheatreManagement.js","lnk_Theatre_Booked","68","CONFLICT (different xpath)","""//div[@class='smallfont2' and text()='"" + _BannerPASIDUpper + ""']/ancestor::tr"""
"pageTheatreManagement.js","tbl_Hubicon","11","CONFLICT (different xpath)","""(//div[@title='<variable>']/ancestor::tr[@kendogridlogicalrow]/td/div[@part='calenderIcon'])[1]"""
"pageTheatreManagement.js","tbl_Hubicon","74","CONFLICT (different xpath)","""//th[.//div[@title='Hub']]"""
"pageTheatreManagement.js","txt_searchprocedure","29","CONFLICT (different xpath)","""(//ion-input[contains(@class,'input-wrap')])[6]"""
"pageTheatreManagement.js","txt_searchprocedure","30","CONFLICT (different xpath)","""(//input[contains(@class,'native-input')])[6]"""
"pageTransferAccessPlanEntry.js","btn_Clear","8","harmless (identical)","""//td[normalize-space()='Clear']"""
"pageTransferAccessPlanEntry.js","btn_Clear","10","harmless (identical)","""//td[normalize-space()='Clear']"""
"pageUpdatecodelORENZO.js","btn_Next","2","CONFLICT (different xpath)","""//span[.//span[@class='Cmd_AK' and normalize-space()='N'] and contains(normalize-space(.),'Next')]"""
"pageUpdatecodelORENZO.js","btn_Next","10","CONFLICT (different xpath)","""//td[@title='Next']"""
"pageUpdatecodelORENZO.js","cmb_Category","5","harmless (identical)","""//img[@id='icombobox_Image_C8']"""
"pageUpdatecodelORENZO.js","cmb_Category","11","harmless (identical)","""//img[@id='icombobox_Image_C8']"""
"pageUpdatecodelORENZO.js","cmb_Codingscheme","6","harmless (identical)","""//img[@id='icombobox_Image_C10']"""
"pageUpdatecodelORENZO.js","cmb_Codingscheme","12","harmless (identical)","""//img[@id='icombobox_Image_C10']"""
"pageUpdatecodelORENZO.js","cmb_Status","7","CONFLICT (different xpath)","""//input[@id='icombobox_Text_C39']"""
"pageUpdatecodelORENZO.js","cmb_Status","13","CONFLICT (different xpath)","""//img[@id='icombobox_Image_C39']"""
"pageWamanageattstatus.js","btn_Finish","12","CONFLICT (different xpath)","""//td[@title='Finish']"""
"pageWamanageattstatus.js","btn_Finish","19","CONFLICT (different xpath)","'//td[@title=""Finish""]'"
